Season,Name,Tm,G,PA,AB,H,1B,2B,3B,HR,R,RBI,BB,IBB,SO,HBP,SF,SH,GDP,SB,CS,AVG,playerId
2015,"Kyle Blanks","TEX",1,3,3,0,0,0,0,0,0,0,0,0,2,0,0,0,0,0,0,0,49
2015,"Jason Marquis","CIN",5,11,10,2,2,0,0,0,2,1,0,0,2,0,0,1,0,0,0,0.2,105
2015,"Will Venable","SDP",14,24,24,4,2,0,0,2,3,4,0,0,10,0,0,0,1,0,0,0.166666666,211
2015,"Bartolo Colon","NYM",5,12,10,1,1,0,0,0,0,2,0,0,7,0,1,1,0,0,0,0.1,375
2015,"Victor Martinez","DET",21,79,65,15,14,1,0,0,6,9,10,6,8,2,2,0,4,0,0,0.23076923,393
2015,"Juan Uribe","LAD",16,57,54,15,12,2,0,1,5,4,3,0,5,0,0,0,3,1,0,0.277777777,454
2015,"A.J. Burnett","PIT",4,8,7,1,1,0,0,0,0,0,0,0,4,0,0,1,0,0,0,0.142857142,512
2015,"Carlos Beltran","NYY",18,74,68,11,5,5,1,0,5,7,5,1,21,0,1,0,2,0,0,0.161764705,589
2015,"Adrian Beltre","TEX",21,90,83,17,11,3,1,2,10,2,6,1,7,1,0,0,2,1,0,0.204819277,639
2015,"Torii Hunter","MIN",19,78,73,15,9,5,0,1,6,7,4,0,14,0,1,0,0,1,1,0.205479452,731
2015,"Kyle Lohse","MIL",6,9,9,1,1,0,0,0,1,0,0,0,3,0,0,0,0,0,0,0.111111111,739
2015,"David Ortiz","BOS",20,86,72,17,10,3,0,4,11,11,12,2,17,0,2,0,4,0,0,0.236111111,745
2015,"A.J. Pierzynski","ATL",12,52,45,19,13,3,0,3,8,14,3,0,2,1,3,0,0,0,1,0.422222222,746
2015,"Todd Frazier","CIN",21,94,80,19,8,4,0,7,17,16,12,0,15,1,1,0,3,3,0,0.2375,785
2015,"Brandon Phillips","CIN",20,82,80,22,20,1,0,1,6,10,2,0,8,0,0,0,3,0,0,0.275,791
2015,"Brennan Boesch","CIN",9,17,16,3,2,1,0,0,0,0,1,0,5,0,0,0,0,1,0,0.1875,914
2015,"Tim Hudson","SFG",4,8,7,0,0,0,0,0,0,0,1,0,2,0,0,0,0,0,0,0,921
2015,"Marlon Byrd","CIN",21,80,77,13,9,2,0,2,7,8,1,0,25,1,1,0,2,0,0,0.168831168,950
2015,"Jimmy Rollins","LAD",21,93,81,15,8,4,1,2,10,8,11,0,17,0,1,0,1,3,2,0.185185185,971
2015,"Aramis Ramirez","MIL",20,72,70,15,9,4,0,2,5,7,1,0,12,1,0,0,0,0,0,0.214285714,1002
2015,"Ryan Vogelsong","SFG",4,6,6,1,1,0,0,0,1,0,0,0,2,0,0,0,0,0,0,0.166666666,1011
2015,"Danny Dorn","ARI",5,5,3,0,0,0,0,0,0,0,2,0,2,0,0,0,0,0,0,0,1050
2015,"Jake Peavy","SFG",2,3,3,0,0,0,0,0,0,0,0,0,2,0,0,0,0,0,0,0,1051
2015,"Willie Bloomquist","SEA",8,21,20,5,5,0,0,0,1,1,0,0,4,1,0,0,0,1,0,0.25,1066
2015,"Ichiro Suzuki","MIA",22,62,57,15,13,0,1,1,9,5,4,0,5,0,1,0,1,0,1,0.263157894,1101
2015,"Jerome Williams","PHI",4,8,6,0,0,0,0,0,0,0,0,0,4,0,0,2,0,0,0,0,1137
2015,"Andrew Romine","DET",6,12,9,6,6,0,0,0,4,1,3,0,2,0,0,0,0,3,3,0.666666666,1159
2015,"Albert Pujols","LAA",21,86,77,16,10,3,0,3,11,9,8,0,11,1,0,0,1,0,1,0.207792207,1177
2015,"Chris Johnson","ATL",16,49,43,12,8,4,0,0,5,5,5,0,10,0,1,0,1,1,1,0.279069767,1191
2015,"Carl Crawford","LAD",15,50,49,12,7,3,1,1,4,3,1,0,10,0,0,0,0,0,0,0.244897959,1201
2015,"Alex Rodriguez","NYY",20,84,69,16,7,4,0,5,13,13,15,1,23,0,0,0,1,0,0,0.231884057,1274
2015,"Mark Teixeira","NYY",21,90,74,16,3,5,0,8,13,18,13,3,14,0,3,0,2,0,0,0.216216216,1281
2015,"Jayson Werth","WSN",15,67,57,10,8,2,0,0,7,6,6,0,16,1,3,0,2,0,0,0.175438596,1327
2015,"Wilson Ramos","WSN",18,76,73,20,17,2,0,1,7,11,2,0,10,0,1,0,0,0,0,0.273972602,1433
2015,"Aaron Harang","PHI",5,12,8,1,1,0,0,0,2,0,1,0,2,0,0,3,0,0,0,0.125,1451
2015,"John Lackey","STL",4,9,8,0,0,0,0,0,0,0,0,0,4,0,0,1,0,0,0,0,1507
2015,"Michael Cuddyer","NYM",22,88,81,20,13,4,1,2,12,11,6,0,21,1,0,0,3,0,0,0.24691358,1534
2015,"David Ross","CHC",10,18,14,2,0,2,0,0,0,3,4,1,3,0,0,0,0,0,0,0.142857142,1551
2015,"Wil Nieves","SDP",6,14,13,1,0,0,0,1,1,4,1,0,4,0,0,0,0,0,0,0.076923076,1556
2015,"Omar Infante","KCR",17,65,64,17,11,6,0,0,3,8,0,0,9,0,1,0,2,0,0,0.265625,1609
2015,"Shane Victorino","BOS",12,43,35,5,4,1,0,0,3,2,6,0,7,2,0,0,1,2,0,0.142857142,1677
2015,"Chase Utley","PHI",21,81,70,8,6,0,0,2,4,11,7,3,12,1,3,0,2,1,0,0.114285714,1679
2015,"Gerald Laird","ARI",1,2,2,0,0,0,0,0,0,0,0,0,0,0,0,0,0,0,0,0,1698
2015,"Reed Johnson","WSN",12,19,18,4,3,1,0,0,0,2,0,0,5,1,0,0,1,0,0,0.222222222,1702
2015,"Jose Reyes","TOR",16,66,60,15,12,3,0,0,6,7,2,0,10,0,2,2,1,3,0,0.25,1736
2015,"Justin Morneau","COL",19,77,73,22,16,4,0,2,8,7,3,1,6,1,0,0,0,0,0,0.301369863,1737
2015,"Jhonny Peralta","STL",21,87,79,25,17,6,0,2,7,12,6,0,17,0,2,0,2,0,0,0.316455696,1738
2015,"Miguel Cabrera","DET",23,99,83,31,20,6,0,5,12,17,15,4,16,0,1,0,5,1,1,0.373493975,1744
2015,"Dan Haren","MIA",4,10,9,0,0,0,0,0,0,0,0,0,3,0,0,1,1,0,0,0,1757
2015,"Cody Ross","OAK",8,24,21,2,2,0,0,0,3,3,3,0,6,0,0,0,0,0,0,0.095238095,1760
2015,"David DeJesus","TBR",16,52,47,13,10,2,0,1,7,8,4,0,9,1,0,0,0,0,0,0.276595744,1825
2015,"Clint Barmes","SDP",10,29,27,8,5,2,0,1,6,1,2,0,8,0,0,0,0,0,1,0.296296296,1830
2015,"Jonny Gomes","ATL",16,48,40,9,5,2,0,2,5,7,6,0,13,1,1,0,0,0,0,0.225,1845
2015,"Rickie Weeks Jr.","SEA",15,44,39,8,6,0,0,2,4,5,4,0,12,1,0,0,2,0,0,0.205128205,1849
2015,"Joe Mauer","MIN",22,97,85,27,20,6,1,0,7,13,11,3,14,0,1,0,1,0,0,0.317647058,1857
2015,"Matt Holliday","STL",20,84,66,25,20,4,0,1,12,14,16,3,15,1,1,0,1,2,1,0.378787878,1873
2015,"Jose Bautista","TOR",18,77,61,10,3,2,0,5,15,13,14,0,19,1,1,0,2,0,1,0.163934426,1887
2015,"Adam LaRoche","CHW",19,77,68,13,8,2,0,3,10,9,8,0,29,1,0,0,0,0,0,0.19117647,1904
2015,"Andres Blanco","PHI",10,19,17,4,2,2,0,0,1,1,0,0,3,1,0,1,1,0,0,0.235294117,1907
2015,"Adrian Gonzalez","LAD",21,88,81,31,14,9,0,8,19,19,7,2,10,0,0,0,4,0,0,0.382716049,1908
2015,"Zack Greinke","LAD",5,14,11,1,1,0,0,0,1,1,0,0,3,0,1,2,0,0,0,0.09090909,1943
2015,"Corey Hart","PIT",12,20,19,4,2,1,0,1,2,4,1,1,3,0,0,0,2,0,0,0.210526315,1945
2015,"Desmond Jennings","TBR",18,72,63,14,13,1,0,0,7,2,7,0,9,1,1,0,2,5,2,0.222222222,1965
2015,"Clayton Kershaw","LAD",5,10,9,1,0,1,0,0,0,0,1,0,6,0,0,0,0,0,0,0.111111111,2036
2015,"Justin Masterson","BOS",1,3,3,2,2,0,0,0,0,1,0,0,1,0,0,0,0,0,0,0.666666666,2038
2015,"Jorge De La Rosa","COL",1,2,2,1,1,0,0,0,0,0,0,0,0,0,0,0,0,0,0,0.5,2047
2015,"Jeff Baker","MIA",8,8,5,0,0,0,0,0,4,0,3,0,3,0,0,0,0,0,0,0,2073
2015,"Alex Rios","KCR",7,29,28,9,7,1,0,1,4,8,0,0,4,1,0,0,3,2,0,0.321428571,2090
2015,"David Peralta","ARI",17,52,44,11,4,4,0,3,9,9,5,0,9,1,2,0,0,0,0,0.25,2136
2015,"Delmon Young","BAL",13,44,42,15,13,2,0,0,9,7,1,0,2,1,0,0,2,0,0,0.357142857,2140
2015,"Edwin Encarnacion","TOR",23,97,88,18,13,1,0,4,10,10,6,0,20,1,2,0,2,0,0,0.204545454,2151
2015,"Ryan Howard","PHI",20,78,72,14,6,4,0,4,6,10,4,1,20,1,0,0,0,0,0,0.194444444,2154
2015,"Alfredo Simon","DET",1,3,3,0,0,0,0,0,0,0,0,0,1,0,0,0,0,0,0,0,2155
2015,"Grady Sizemore","PHI",17,36,34,5,4,1,0,0,1,1,2,0,6,0,0,0,1,0,0,0.147058823,2197
2015,"Don Kelly","MIA",1,1,1,0,0,0,0,0,0,0,0,0,0,0,0,0,0,0,0,0,2216
2015,"Ryan Raburn","CLE",14,37,35,13,6,6,0,1,3,8,1,0,7,0,1,0,1,0,0,0.371428571,2218
2015,"Adam Wainwright","STL",4,10,10,0,0,0,0,0,0,0,0,0,2,0,0,0,0,0,0,0,2233
2015,"Kelly Johnson","ATL",17,52,48,12,7,2,0,3,7,9,4,1,9,0,0,0,2,0,0,0.25,2234
2015,"Hector Gomez","MIL",12,33,30,8,5,3,0,0,3,4,1,0,8,1,0,1,0,0,0,0.266666666,2264
2015,"Carlos Santana","CLE",21,89,71,17,12,2,0,3,12,11,18,0,13,0,0,0,2,2,1,0.239436619,2396
2015,"Darwin Barney","LAD",2,4,4,0,0,0,0,0,0,0,0,0,0,0,0,0,0,0,0,0,2430
2015,"Nelson Cruz","SEA",22,94,87,28,14,3,1,10,14,22,7,2,18,0,0,0,1,1,0,0.32183908,2434
2015,"Pedro Alvarez","PIT",21,72,67,15,8,3,0,4,11,11,4,1,18,0,1,0,0,0,0,0.223880597,2495
2015,"Lucas Duda","NYM",23,96,80,26,17,7,0,2,13,12,13,0,17,2,1,0,2,0,0,0.325,2502
2015,"Hank Conger","HOU",6,21,15,2,1,0,0,1,1,2,5,0,6,0,0,1,0,0,0,0.133333333,2505
2015,"Lance Lynn","STL",4,11,11,2,1,1,0,0,0,0,0,0,4,0,0,0,0,0,0,0.181818181,2520
2015,"Yonder Alonso","SDP",21,85,73,23,19,2,1,1,8,8,10,2,11,1,1,0,5,2,1,0.315068493,2530
2015,"Pete Kozma","STL",4,10,8,2,2,0,0,0,2,0,2,1,1,0,0,0,0,1,0,0.25,2539
2015,"Peter Bourjos","STL",11,17,15,4,3,0,1,0,5,1,2,0,4,0,0,0,0,4,1,0.266666666,2578
2015,"Carlos Ruiz","PHI",16,64,57,13,12,1,0,0,3,1,7,0,11,0,0,0,1,0,0,0.228070175,2579
2015,"Zack Cozart","CIN",22,89,82,23,14,4,1,4,10,10,4,0,16,1,1,1,2,1,0,0.280487804,2616
2015,"Brandon Guyer","TBR",18,59,47,10,5,4,0,1,5,7,6,0,14,4,1,1,0,2,0,0.212765957,2636
2015,"Jordan Pacheco","ARI",10,23,20,5,4,0,0,1,2,5,2,0,9,1,0,0,1,0,0,0.25,2677
2015,"Garrett Jones","NYY",11,28,27,5,3,1,1,0,1,0,1,0,8,0,0,0,1,0,0,0.185185185,2714
2015,"Rick Porcello","BOS",1,2,2,0,0,0,0,0,0,0,0,0,2,0,0,0,0,0,0,0,2717
2015,"Tony Cruz","STL",5,16,15,3,2,1,0,0,0,0,1,0,3,0,0,0,2,0,0,0.2,2802
2015,"Travis Snider","BAL",16,58,51,14,10,2,1,1,7,9,7,1,15,0,0,0,0,0,0,0.274509803,2830
2015,"Rafael Ynoa","COL",13,18,17,4,2,2,0,0,2,2,1,0,4,0,0,0,1,0,0,0.235294117,2832
2015,"Roberto Perez","CLE",15,53,43,9,5,1,0,3,8,6,7,0,15,0,1,2,3,0,0,0.209302325,2900
2015,"Angel Pagan","SFG",22,94,88,30,23,6,1,0,7,6,5,0,14,0,1,0,3,2,0,0.34090909,2918
2015,"Jeff Locke","PIT",4,8,8,1,0,1,0,0,0,1,0,0,2,0,0,0,0,0,0,0.125,2929
2015,"Michael Morse","MIA",21,87,80,17,13,2,0,2,4,8,5,0,23,2,0,0,4,0,0,0.2125,3035
2015,"Mike Napoli","BOS",19,78,68,11,8,1,1,1,11,4,10,0,16,0,0,0,0,1,0,0.161764705,3057
2015,"Mitch Moreland","TEX",16,56,46,14,9,4,0,1,2,9,5,0,10,3,2,0,1,0,0,0.304347826,3086
2015,"Gregor Blanco","SFG",19,54,48,11,6,3,2,0,6,1,6,1,8,0,0,0,0,1,0,0.229166666,3123
2015,"Max Scherzer","WSN",4,9,9,1,1,0,0,0,0,0,0,0,3,0,0,0,0,0,0,0.111111111,3137
2015,"Robinson Chirinos","TEX",13,48,43,7,2,3,0,2,5,7,4,0,10,0,0,1,0,0,0,0.162790697,3142
2015,"Shin-Soo Choo","TEX",16,63,52,5,3,1,0,1,4,5,7,0,15,4,0,0,1,0,0,0.096153846,3174
2015,"Dioner Navarro","TOR",8,34,30,8,6,2,0,0,4,4,2,0,3,0,2,0,0,0,0,0.266666666,3179
2015,"Will Harris","HOU",1,1,1,0,0,0,0,0,0,0,0,0,1,0,0,0,0,0,0,0,3192
2015,"Francisco Liriano","PIT",4,7,7,0,0,0,0,0,0,0,0,0,5,0,0,0,0,0,0,0,3201
2015,"Tyler Ladendorf","OAK",4,11,10,2,1,0,1,0,3,2,1,0,1,0,0,0,0,0,0,0.2,3211
2015,"Brayan Pena","CIN",14,51,42,13,10,3,0,0,2,2,8,1,6,0,1,0,1,0,0,0.309523809,3231
2015,"Welington Castillo","CHC",12,28,25,6,3,1,0,2,4,5,3,1,4,0,0,0,0,0,0,0.24,3256
2015,"Robinson Cano","SEA",22,96,91,23,14,8,0,1,14,6,5,1,14,0,0,0,4,0,1,0.252747252,3269
2015,"Roberto Hernandez","HOU",1,3,2,0,0,0,0,0,1,0,1,0,2,0,0,0,0,0,0,0,3273
2015,"Anibal Sanchez","DET",1,2,2,0,0,0,0,0,0,0,0,0,2,0,0,0,0,0,0,0,3284
2015,"Martin Prado","MIA",22,89,83,23,18,4,0,1,10,9,4,0,13,0,1,1,2,0,0,0.277108433,3312
2015,"Alberto Callaspo","ATL",21,63,56,15,12,2,0,1,7,5,6,1,5,0,1,0,3,0,0,0.267857142,3336
2015,"Matt Garza","MIL",5,10,7,0,0,0,0,0,0,0,1,0,4,0,0,2,0,0,1,0,3340
2015,"Matt Joyce","LAA",20,72,67,9,6,3,0,0,2,5,4,1,17,0,1,0,1,0,1,0.134328358,3353
2015,"Miguel Montero","CHC",17,54,46,12,8,1,0,3,4,10,6,2,11,0,2,0,1,0,0,0.260869565,3364
2015,"Alejandro De Aza","BAL",15,64,60,14,9,2,1,2,10,4,3,0,18,1,0,0,1,2,2,0.233333333,3371
2015,"Nick Hundley","COL",16,65,60,19,14,3,1,1,7,4,5,0,13,0,0,0,1,0,2,0.316666666,3376
2015,"John Mayberry Jr.","NYM",10,21,19,3,1,0,1,1,2,1,2,0,6,0,0,0,0,1,0,0.157894736,3390
2015,"Cliff Pennington","ARI",11,21,15,3,2,1,0,0,2,0,6,1,4,0,0,0,0,1,0,0.2,3395
2015,"Ryan Braun","MIL",20,75,71,18,14,0,0,4,8,10,3,0,16,1,0,0,5,1,0,0.253521126,3410
2015,"Drew Butera","LAA",7,18,18,4,4,0,0,0,3,0,0,0,2,0,0,0,0,0,1,0.222222222,3411
2015,"Allen Craig","BOS",16,37,34,4,4,0,0,0,4,1,2,0,8,1,0,0,0,0,0,0.117647058,3433
2015,"Dan Uggla","WSN",15,50,46,9,4,2,2,1,7,9,4,0,12,0,0,0,0,0,1,0.195652173,3442
2015,"Jeff Mathis","MIA",2,6,5,0,0,0,0,0,0,0,1,1,3,0,0,0,0,0,0,0,3448
2015,"Anthony Rizzo","CHC",20,90,68,22,16,4,0,2,16,9,14,2,11,7,1,0,2,6,1,0.323529411,3473
2015,"Eric Hosmer","KCR",22,100,84,26,18,4,1,3,12,15,13,0,17,1,1,1,1,2,1,0.309523809,3516
2015,"Troy Tulowitzki","COL",21,81,78,24,11,11,0,2,13,10,2,0,16,0,1,0,3,0,0,0.307692307,3531
2015,"Clay Buchholz","BOS",1,3,3,0,0,0,0,0,0,0,0,0,0,0,0,0,0,0,0,0,3543
2015,"Carlos Frias","LAD",1,1,1,0,0,0,0,0,0,0,0,0,0,0,0,0,0,0,0,0,3547
2015,"Rene Rivera","TBR",20,70,67,10,7,2,0,1,3,5,2,0,19,1,0,0,3,0,0,0.149253731,3648
2015,"Skip Schumaker","CIN",13,21,20,4,3,1,0,0,0,0,1,0,4,0,0,0,0,0,0,0.2,3704
2015,"Geovany Soto","CHW",8,22,22,3,2,0,0,1,1,2,0,0,10,0,0,0,0,0,0,0.136363636,3707
2015,"Rajai Davis","DET",16,58,50,15,12,1,1,1,11,5,7,0,8,1,0,0,2,6,1,0.3,3708
2015,"David Wright","NYM",8,35,33,11,10,0,0,1,3,4,2,0,5,0,0,0,1,2,0,0.333333333,3787
2015,"Gregorio Petit","NYY",13,31,26,5,2,3,0,0,4,5,3,1,11,0,1,1,0,0,0,0.192307692,3812
2015,"Mat Latos","MIA",4,7,4,2,2,0,0,0,0,1,0,0,0,0,0,3,0,0,0,0.5,3815
2015,"Joaquin Arias","SFG",10,21,20,6,5,0,0,1,2,1,0,0,5,0,0,1,0,1,0,0.3,3817
2015,"Rubby De La Rosa","ARI",4,9,9,0,0,0,0,0,0,0,0,0,3,0,0,0,0,0,0,0,3862
2015,"Chris Stewart","PIT",6,20,19,5,4,1,0,0,1,3,0,0,2,0,1,0,0,0,0,0.263157894,3878
2015,"Chris Young","NYY",18,67,59,18,8,5,0,5,10,11,5,0,14,1,0,2,0,0,0,0.305084745,3882
2015,"Josh Reddick","OAK",16,63,57,21,15,3,1,2,8,12,6,0,4,0,0,0,1,2,0,0.368421052,3892
2015,"Chris Heisey","LAD",1,3,2,0,0,0,0,0,0,0,1,0,1,0,0,0,0,0,0,0,3978
2015,"Jerry Sands","CLE",8,25,23,8,6,2,0,0,2,4,2,0,6,0,0,0,0,0,0,0.347826086,4016
2015,"Yusmeiro Petit","SFG",1,1,1,0,0,0,0,0,0,0,0,0,1,0,0,0,0,0,0,0,4020
2015,"Melky Cabrera","CHW",19,83,76,21,19,2,0,0,10,6,5,0,7,0,1,1,3,0,0,0.276315789,4022
2015,"Emilio Bonifacio","CHW",10,15,14,2,2,0,0,0,0,0,1,0,6,0,0,0,0,0,0,0.142857142,4054
2015,"Dexter Fowler","CHC",19,86,77,23,16,4,2,1,12,6,8,0,17,1,0,0,0,6,1,0.298701298,4062
2015,"Anthony Recker","NYM",5,15,10,1,1,0,0,0,1,0,5,0,4,0,0,0,0,0,0,0.1,4063
2015,"Erick Aybar","LAA",22,89,81,18,16,2,0,0,4,8,6,0,13,1,0,1,3,0,2,0.222222222,4082
2015,"Michael Brantley","CLE",15,63,59,20,13,7,0,0,6,7,4,0,3,0,0,0,1,1,0,0.33898305,4106
2015,"Carlos Villanueva","STL",1,1,1,0,0,0,0,0,0,0,0,0,0,0,0,0,0,0,0,0,4138
2015,"Jonathan Diaz","TOR",1,4,2,0,0,0,0,0,0,1,1,0,0,0,0,1,0,0,0,0,4142
2015,"Jake Arrieta","CHC",4,10,10,0,0,0,0,0,0,0,0,0,6,0,0,0,1,0,0,0,4153
2015,"Jonathan Herrera","CHC",13,36,34,8,7,0,1,0,4,5,1,0,3,0,0,1,0,3,0,0.235294117,4182
2015,"Yunel Escobar","WSN",19,79,72,22,17,3,0,2,9,5,7,0,6,0,0,0,2,0,1,0.305555555,4191
2015,"Ryan Zimmerman","WSN",23,101,92,20,10,7,1,2,10,15,8,0,18,0,1,0,1,0,0,0.217391304,4220
2015,"Howie Kendrick","LAD",21,85,78,23,12,7,1,3,11,14,7,1,13,0,0,0,3,2,2,0.294871794,4229
2015,"Jose Lobaton","WSN",5,20,17,4,3,0,0,1,4,4,3,0,9,0,0,0,0,0,0,0.235294117,4243
2015,"Shane Robinson","MIN",15,42,38,13,12,1,0,0,9,6,4,0,7,0,0,0,0,2,1,0.342105263,4249
2015,"Stephen Drew","NYY",20,74,62,11,4,3,0,4,7,10,9,0,16,0,2,1,3,0,1,0.177419354,4251
2015,"David Huff","LAD",1,1,1,0,0,0,0,0,0,0,0,0,0,0,0,0,0,0,0,0,4257
2015,"Brett Hayes","CLE",4,11,11,1,0,0,0,1,1,1,0,0,5,0,0,0,0,0,0,0.09090909,4293
2015,"Joey Votto","CIN",22,97,82,26,14,4,1,7,13,17,15,2,19,0,0,0,1,2,0,0.31707317,4314
2015,"Daniel Murphy","NYM",23,89,81,16,8,6,0,2,7,14,7,2,6,0,1,0,3,0,0,0.197530864,4316
2015,"Scott Van Slyke","LAD",13,34,28,11,6,4,0,1,5,6,4,1,2,1,1,0,1,0,0,0.392857142,4365
2015,"Jeremy Hellickson","ARI",4,7,7,0,0,0,0,0,0,0,0,0,4,0,0,0,0,0,0,0,4371
2015,"Chris Denorfia","CHC",7,15,15,5,4,1,0,0,2,0,0,0,5,0,0,0,0,0,1,0.333333333,4400
2015,"Erik Kratz","KCR",1,3,3,0,0,0,0,0,0,0,0,0,2,0,0,0,0,0,0,0,4403
2015,"Jed Lowrie","HOU",18,74,60,18,10,4,0,4,11,10,12,4,15,2,0,0,1,1,0,0.3,4418
2015,"Jonathon Niese","NYM",3,8,7,2,2,0,0,0,1,2,1,0,1,0,0,0,0,0,0,0.285714285,4424
2015,"Steve Tolleson","TOR",7,16,15,3,1,1,1,0,3,2,1,0,5,0,0,0,1,0,0,0.2,4450
2015,"Brandon Moss","CLE",19,71,63,15,7,4,0,4,10,14,7,0,22,0,1,0,3,0,0,0.238095238,4467
2015,"Jordan Zimmermann","WSN",4,9,9,1,1,0,0,0,0,3,0,0,5,0,0,0,0,0,0,0.111111111,4505
2015,"Jason Hammel","CHC",4,11,11,4,3,1,0,0,2,0,0,0,0,0,0,0,0,0,0,0.363636363,4538
2015,"James Loney","TBR",7,26,24,8,5,2,0,1,5,4,2,0,5,0,0,0,1,0,0,0.333333333,4556
2015,"Starlin Castro","CHC",20,86,83,27,24,1,0,2,9,12,3,1,13,0,0,0,4,2,2,0.325301204,4579
2015,"Prince Fielder","TEX",21,91,84,28,22,5,0,1,7,10,5,1,11,2,0,0,2,0,0,0.333333333,4613
2015,"Russell Martin","TOR",20,79,61,12,5,4,0,3,13,13,15,0,18,2,1,0,2,1,1,0.196721311,4616
2015,"Brandon McCarthy","LAD",4,9,6,0,0,0,0,0,0,1,1,0,5,0,0,2,0,0,0,0,4662
2015,"Junior Lake","CHC",1,5,5,2,1,1,0,0,1,1,0,0,1,0,0,0,0,0,0,0.4,4672
2015,"Ben Revere","PHI",22,85,79,17,12,2,3,0,8,6,5,0,11,1,0,0,2,5,2,0.215189873,4712
2015,"Chase Headley","NYY",21,88,82,19,13,2,1,3,9,10,6,0,22,0,0,0,3,0,0,0.231707317,4720
2015,"Jacoby Ellsbury","NYY",20,96,84,27,24,2,0,1,16,3,10,0,14,2,0,0,2,8,4,0.321428571,4727
2015,"Curtis Granderson","NYM",23,94,78,18,13,4,0,1,15,6,16,0,16,0,0,0,1,2,0,0.23076923,4747
2015,"Jeff Francoeur","PHI",21,69,64,11,6,3,0,2,6,4,5,0,13,0,0,0,1,0,0,0.171875,4792
2015,"Brian McCann","NYY",17,72,64,17,10,4,1,2,10,12,2,0,14,4,2,0,1,0,0,0.265625,4810
2015,"Jarrod Dyson","KCR",11,29,27,7,7,0,0,0,6,1,1,0,5,0,0,1,0,3,0,0.259259259,4866
2015,"Carlos Gomez","MIL",8,35,34,8,3,4,0,1,3,6,1,0,6,0,0,0,0,0,1,0.235294117,4881
2015,"Mike Moustakas","KCR",22,102,90,32,23,6,0,3,19,9,4,0,10,6,0,2,2,1,1,0.355555555,4892
2015,"Ender Inciarte","ARI",21,84,79,25,19,5,1,0,16,8,3,0,4,2,0,0,2,3,1,0.316455696,4922
2015,"Jon Lester","CHC",4,8,8,0,0,0,0,0,0,0,0,0,5,0,0,0,0,0,0,0,4930
2015,"Jason Heyward","STL",21,88,83,18,11,5,0,2,9,4,5,0,17,0,0,0,5,1,0,0.216867469,4940
2015,"Giancarlo Stanton","MIA",22,93,81,23,11,5,1,6,16,21,11,1,28,1,0,0,0,2,1,0.283950617,4949
2015,"Ryan Hanigan","BOS",17,64,51,11,9,1,0,1,11,5,9,0,12,2,0,1,2,0,0,0.215686274,4952
2015,"Asdrubal Cabrera","TBR",22,91,85,18,13,3,2,0,6,8,6,0,22,0,0,0,1,0,0,0.211764705,4962
2015,"Luis Valbuena","HOU",20,88,78,17,8,4,0,5,12,9,7,0,15,2,1,0,2,1,0,0.217948717,4969
2015,"Cole Hamels","PHI",5,9,8,2,2,0,0,0,1,0,0,0,2,0,0,1,0,0,0,0.25,4972
2015,"Stephen Vogt","OAK",21,77,66,23,15,3,1,4,11,15,9,2,10,1,1,0,2,0,0,0.348484848,5000
2015,"Josh Donaldson","TOR",23,100,91,29,18,6,0,5,18,16,7,0,18,1,1,0,3,2,0,0.318681318,5038
2015,"Anthony Gose","DET",14,54,51,16,11,3,1,1,8,6,3,0,20,0,0,0,1,4,1,0.31372549,5097
2015,"Alexei Ramirez","CHW",19,73,67,14,7,7,0,0,6,9,4,0,13,0,2,0,1,0,0,0.208955223,5133
2015,"Alex Gordon","KCR",19,80,66,20,13,4,0,3,9,13,8,1,16,6,0,0,0,0,2,0.303030303,5209
2015,"Justin Upton","SDP",22,87,81,21,11,3,1,6,14,14,5,1,23,0,1,0,1,1,0,0.259259259,5222
2015,"Cameron Maybin","ATL",14,47,40,7,4,0,0,3,4,5,6,0,13,0,0,1,0,2,2,0.175,5223
2015,"Jon Jay","STL",20,78,69,18,16,2,0,0,8,3,6,2,8,3,0,0,1,0,1,0.260869565,5227
2015,"Justin Turner","LAD",16,34,33,9,5,3,0,1,2,4,0,0,6,1,0,0,1,0,0,0.272727272,5235
2015,"Brett Lawrie","OAK",22,91,83,19,15,2,0,2,7,11,3,1,27,2,1,2,2,1,0,0.228915662,5247
2015,"Robbie Grossman","HOU",15,39,35,5,3,1,0,1,6,5,4,0,13,0,0,0,0,0,0,0.142857142,5254
2015,"Sandy Leon","BOS",6,23,19,4,4,0,0,0,2,2,3,0,2,0,0,1,2,0,0,0.210526315,5273
2015,"Francisco Cervelli","PIT",17,60,55,14,10,4,0,0,3,4,2,0,15,2,0,1,0,0,1,0.254545454,5275
2015,"Tuffy Gosewisch","ARI",17,66,62,11,11,0,0,0,4,4,3,0,11,1,0,0,1,0,0,0.177419354,5277
2015,"Kristopher Negron","CIN",10,25,21,1,1,0,0,0,2,0,3,0,4,1,0,0,1,0,0,0.047619047,5306
2015,"Brandon Crawford","SFG",22,80,68,16,9,2,1,4,9,11,10,2,17,2,0,0,2,1,1,0.235294117,5343
2015,"Yangervis Solarte","SDP",21,62,56,18,12,4,0,2,5,12,6,0,4,0,0,0,2,0,0,0.321428571,5352
2015,"Freddie Freeman","ATL",22,92,84,25,13,8,0,4,15,10,8,0,21,0,0,0,0,0,0,0.297619047,5361
2015,"Juan Lagares","NYM",23,95,91,27,23,3,1,0,12,11,3,1,20,0,1,0,2,1,0,0.296703296,5384
2015,"Andrew Lambo","PIT",17,25,23,1,0,1,0,0,1,0,2,0,7,0,0,0,0,0,0,0.04347826,5386
2015,"Jake Smolinski","TEX",16,51,41,5,3,1,0,1,9,3,9,0,11,1,0,0,0,1,0,0.121951219,5408
2015,"Pablo Sandoval","BOS",20,88,77,24,18,4,0,2,12,11,8,0,14,3,0,0,1,0,0,0.311688311,5409
2015,"Jose Altuve","HOU",22,106,98,36,27,7,0,2,13,16,6,2,8,0,1,1,1,9,2,0.367346938,5417
2015,"Elian Herrera","MIL",9,27,25,5,2,2,0,1,5,6,2,0,8,0,0,0,0,0,0,0.2,5432
2015,"Daniel Nava","BOS",15,44,39,6,5,1,0,0,3,6,2,0,9,1,1,1,1,0,0,0.153846153,5450
2015,"Jimmy Paredes","BAL",9,40,39,15,7,4,1,3,10,9,1,0,7,0,0,0,0,1,0,0.384615384,5481
2015,"Marwin Gonzalez","HOU",11,42,41,10,4,5,0,1,6,5,1,0,8,0,0,0,2,0,1,0.243902439,5497
2015,"Ruben Tejada","NYM",7,21,18,3,1,2,0,0,1,3,3,2,1,0,0,0,0,0,0,0.166666666,5519
2015,"Madison Bumgarner","SFG",5,11,10,0,0,0,0,0,0,0,0,0,6,0,0,1,0,0,0,0,5524
2015,"Jarrod Saltalamacchia","MIA",9,33,29,2,0,1,0,1,3,1,4,0,12,0,0,0,2,0,0,0.068965517,5557
2015,"Carlos Corporan","TEX",9,35,28,6,3,2,0,1,5,3,4,0,8,2,1,0,0,0,0,0.214285714,5587
2015,"Matt Kemp","SDP",23,98,92,30,20,7,2,1,16,16,5,0,17,0,1,0,1,4,0,0.326086956,5631
2015,"Devin Mesoraco","CIN",9,26,22,2,2,0,0,0,1,0,3,0,6,1,0,0,0,1,0,0.09090909,5666
2015,"Steven Souza Jr.","TBR",21,87,76,18,11,3,0,4,9,11,11,0,30,0,0,0,3,4,2,0.236842105,5667
2015,"Henderson Alvarez III","MIA",2,3,3,1,0,1,0,0,1,0,0,0,1,0,0,0,0,0,0,0.333333333,5669
2015,"A.J. Ellis","LAD",6,22,20,3,2,1,0,0,2,0,2,1,6,0,0,0,0,0,0,0.15,5677
2015,"Tim Lincecum","SFG",4,6,6,0,0,0,0,0,0,0,0,0,3,0,0,0,0,0,0,0,5705
2015,"Hernan Perez","DET",6,14,14,2,2,0,0,0,1,0,0,0,3,0,0,0,0,1,0,0.142857142,5751
2015,"Avisail Garcia","CHW",18,72,68,21,17,3,0,1,11,4,3,0,19,1,0,0,1,1,1,0.308823529,5760
2015,"Wilmer Flores","NYM",21,76,71,18,13,2,0,3,10,8,2,0,12,2,0,1,2,0,0,0.253521126,5827
2015,"John Jaso","TBR",1,1,0,0,0,0,0,0,0,0,1,0,0,0,0,0,0,0,0,0,5887
2015,"Nick Markakis","ATL",21,92,77,26,23,3,0,0,16,5,15,1,10,0,0,0,3,1,0,0.337662337,5930
2015,"Jean Segura","MIL",22,90,86,24,19,4,0,1,8,8,2,0,8,1,0,1,3,3,1,0.279069767,5933
2015,"Jesus Sucre","SEA",3,8,7,0,0,0,0,0,0,0,0,0,0,0,0,1,0,0,0,0,5942
2015,"Mike Aviles","CLE",14,46,40,10,6,2,0,2,7,3,6,0,4,0,0,0,3,0,0,0.25,5986
2015,"Rey Navarro","BAL",4,17,16,4,2,2,0,0,3,1,0,0,3,0,0,1,0,0,0,0.25,6008
2015,"Didi Gregorius","NYY",19,69,63,13,11,2,0,0,2,4,4,0,13,1,1,0,2,2,1,0.206349206,6012
2015,"Sugar Ray Marimon","ATL",1,2,2,1,1,0,0,0,0,0,0,0,1,0,0,0,0,0,0,0.5,6027
2015,"David Murphy","CLE",17,45,43,11,7,2,0,2,3,2,2,0,3,0,0,0,0,0,0,0.255813953,6035
2015,"Casey McGehee","SFG",17,63,59,10,6,3,0,1,4,2,4,0,14,0,0,0,8,0,1,0.169491525,6086
2015,"Aaron Hill","ARI",16,53,50,9,7,2,0,0,6,3,3,0,10,0,0,0,2,0,0,0.18,6104
2015,"Eduardo Escobar","MIN",17,55,53,10,7,2,0,1,6,5,0,0,14,2,0,0,0,1,0,0.188679245,6153
2015,"Scott Baker","LAD",1,2,1,0,0,0,0,0,0,0,0,0,0,0,0,1,0,0,0,0,6176
2015,"Tony Sanchez","PIT",3,9,8,3,3,0,0,0,2,0,1,0,3,0,0,0,0,0,0,0.375,6178
2015,"J.D. Martinez","DET",23,96,92,24,12,6,0,6,14,15,4,0,28,0,0,0,2,1,1,0.260869565,6184
2015,"Ian Kinsler","DET",23,102,92,26,20,5,1,0,17,10,9,0,12,0,1,0,4,3,0,0.282608695,6195
2015,"Kyle Kendrick","COL",5,12,10,4,2,2,0,0,2,0,1,0,5,0,0,1,0,0,0,0.4,6230
2015,"Trevor Cahill","ATL",2,4,4,0,0,0,0,0,0,0,0,0,2,0,0,0,0,0,0,0,6249
2015,"Andre Ethier","LAD",19,55,46,14,8,2,1,3,10,8,6,1,10,2,1,0,0,0,0,0.304347826,6265
2015,"Alcides Escobar","KCR",19,88,79,23,17,6,0,0,10,8,4,0,8,1,1,3,3,2,1,0.29113924,6310
2015,"David Phelps","MIA",3,8,6,0,0,0,0,0,0,0,0,0,4,1,0,1,0,0,0,0,6316
2015,"Luis Jimenez","MIL",11,13,13,1,1,0,0,0,1,0,0,0,6,0,0,0,0,0,0,0.076923076,6341
2015,"Chris Archer","TBR",1,3,3,0,0,0,0,0,0,0,0,0,1,0,0,0,0,0,0,0,6345
2015,"Danny Valencia","TOR",9,27,26,11,7,4,0,0,5,3,1,0,7,0,0,0,0,1,0,0.423076923,6364
2015,"Adam Jones","BAL",20,84,75,30,18,6,1,5,17,19,5,1,10,2,2,0,3,0,1,0.4,6368
2015,"Michael Bourn","CLE",20,88,80,16,12,4,0,0,8,5,7,0,20,0,0,1,0,2,2,0.2,6387
2015,"Kirk Nieuwenhuis","NYM",12,22,20,2,1,1,0,0,2,1,2,0,7,0,0,0,0,1,0,0.1,6400
2015,"Vance Worley","PIT",4,8,7,1,1,0,0,0,0,0,0,0,2,0,0,1,0,0,0,0.142857142,6435
2015,"Jordy Mercer","PIT",18,70,61,12,12,0,0,0,4,4,5,3,8,2,1,1,1,0,0,0.196721311,6547
2015,"Bobby Wilson","TBR",8,24,21,3,3,0,0,0,0,1,3,0,7,0,0,0,0,0,0,0.142857142,6564
2015,"Tom Koehler","MIA",4,9,8,1,1,0,0,0,0,0,0,0,5,0,0,1,0,0,0,0.125,6570
2015,"Sean Rodriguez","PIT",11,22,21,7,6,0,0,1,3,3,0,0,6,0,0,1,1,1,0,0.333333333,6589
2015,"Freddy Galvis","PHI",22,82,76,27,24,1,1,1,9,8,4,0,5,1,0,1,1,0,0,0.355263157,6609
2015,"L.J. Hoes","HOU",2,1,1,0,0,0,0,0,1,0,0,0,0,0,0,0,0,0,0,0,6656
2015,"JB Shuck","CHW",7,10,10,3,3,0,0,0,0,2,0,0,1,0,0,0,0,0,0,0.3,6677
2015,"Johnny Giavotella","LAA",21,73,63,20,16,3,0,1,9,10,6,0,11,1,1,2,1,0,0,0.317460317,6740
2015,"Julio Teheran","ATL",4,10,7,1,1,0,0,0,0,0,0,0,1,0,0,3,0,0,0,0.142857142,6797
2015,"Justin Maxwell","SFG",20,57,51,13,7,2,1,3,7,9,5,0,13,1,0,0,0,0,0,0.25490196,6827
2015,"Eduardo Nunez","MIN",8,24,22,9,5,4,0,0,4,2,2,0,3,0,0,0,0,0,1,0.409090909,6848
2015,"Derek Norris","SDP",21,82,80,25,15,9,0,1,11,11,2,0,13,0,0,0,2,0,0,0.3125,6867
2015,"Mark Trumbo","ARI",19,74,72,23,14,4,3,2,7,11,2,0,12,0,0,0,2,0,0,0.319444444,6876
2015,"Chris Coghlan","CHC",20,63,57,13,6,4,0,3,6,4,5,1,13,0,0,1,1,2,1,0.228070175,6878
2015,"Ian Desmond","WSN",23,101,92,20,12,7,0,1,12,5,7,0,23,2,0,0,0,0,1,0.217391304,6885
2015,"Martin Maldonado","MIL",13,39,34,6,5,0,0,1,5,3,4,0,14,0,0,1,0,0,0,0.176470588,6887
2015,"Johnny Cueto","CIN",5,12,9,1,1,0,0,0,0,0,1,0,3,0,0,2,0,0,0,0.111111111,6893
2015,"Chase Anderson","ARI",4,7,5,0,0,0,0,0,0,0,1,0,2,0,0,1,0,0,0,0,6895
2015,"Clint Robinson","WSN",14,33,32,8,6,1,1,0,4,2,1,0,7,0,0,0,0,0,0,0.25,6908
2015,"Eric Campbell","NYM",15,61,49,10,6,3,0,1,9,5,9,0,6,1,2,0,2,2,0,0.204081632,6938
2015,"Ian Kennedy","SDP",1,1,1,0,0,0,0,0,0,0,0,0,1,0,0,0,0,0,0,0,6986
2015,"Will Middlebrooks","SDP",23,85,81,18,11,3,1,3,9,11,4,0,19,0,0,0,1,2,0,0.222222222,7002
2015,"Yadier Molina","STL",18,73,65,16,12,4,0,0,3,10,6,1,12,0,1,1,0,0,1,0.246153846,7007
2015,"James Shields","SDP",6,12,12,2,2,0,0,0,2,0,0,0,5,0,0,0,0,0,0,0.166666666,7059
2015,"Caleb Joseph","BAL",15,59,49,16,12,2,1,1,8,6,9,1,11,1,0,0,1,0,0,0.326530612,7087
2015,"Eric Young Jr.","ATL",20,67,62,10,4,4,2,0,6,5,4,0,12,0,0,1,1,3,0,0.161290322,7158
2015,"Juan Centeno","MIL",1,4,4,0,0,0,0,0,0,0,0,0,2,0,0,0,0,0,0,0,7168
2015,"Logan Forsythe","TBR",22,81,71,20,12,5,1,2,8,10,10,0,11,0,0,0,0,1,1,0.28169014,7185
2015,"David Lough","BAL",5,11,10,3,2,0,0,1,1,1,0,0,3,1,0,0,0,0,0,0.3,7215
2015,"Tyler Moore","WSN",13,23,21,4,2,1,0,1,1,2,2,1,5,0,0,0,0,0,0,0.19047619,7244
2015,"Collin Cowgill","LAA",14,40,38,7,4,2,0,1,2,2,2,0,10,0,0,0,1,1,0,0.184210526,7250
2015,"Carlos Gonzalez","COL",20,81,75,15,8,5,0,2,6,6,5,0,16,0,1,0,2,0,0,0.2,7287
2015,"Jake Elmore","TBR",3,6,6,1,0,0,0,1,2,1,0,0,1,0,0,0,0,0,0,0.166666666,7290
2015,"Salvador Perez","KCR",22,89,86,28,20,5,0,3,11,14,2,1,11,0,1,0,5,1,0,0.325581395,7304
2015,"Josh Collmenter","ARI",5,13,12,3,3,0,0,0,1,1,0,0,2,0,0,1,0,0,0,0.25,7312
2015,"Seth Smith","SEA",16,54,46,13,7,4,1,1,7,6,6,0,7,0,2,0,3,0,0,0.282608695,7331
2015,"Dillon Gee","NYM",4,8,6,0,0,0,0,0,0,0,0,0,3,0,0,2,0,0,0,0,7396
2015,"Billy Butler","OAK",23,96,87,25,17,5,0,3,12,12,8,0,14,1,0,0,7,0,0,0.287356321,7399
2015,"Ben Zobrist","OAK",14,56,50,12,6,5,0,1,8,8,5,1,3,0,1,0,2,1,0,0.24,7435
2015,"Gio Gonzalez","WSN",3,6,5,0,0,0,0,0,0,0,0,0,2,0,0,1,0,0,0,0,7448
2015,"Trevor Plouffe","MIN",21,88,79,19,13,3,0,3,9,8,9,0,18,0,0,0,1,0,0,0.240506329,7462
2015,"Alex Avila","DET",17,54,41,7,5,1,0,1,8,4,12,0,16,0,0,1,0,0,0,0.170731707,7476
2015,"Collin McHugh","HOU",1,2,2,0,0,0,0,0,0,0,0,0,2,0,0,0,0,0,0,0,7531
2015,"Neil Walker","PIT",22,87,80,23,14,8,0,1,10,9,5,0,16,1,1,0,1,1,0,0.2875,7539
2015,"Lonnie Chisenhall","CLE",20,74,68,15,11,3,0,1,5,6,3,1,11,1,1,1,0,0,0,0.220588235,7571
2015,"Jordan Lyles","COL",5,12,12,0,0,0,0,0,0,0,0,0,6,0,0,0,0,0,0,0,7593
2015,"Mark Reynolds","STL",16,34,29,5,1,3,0,1,3,3,5,0,11,0,0,0,1,1,0,0.172413793,7619
2015,"Justin Ruggiano","SEA",15,30,25,6,4,2,0,0,4,0,5,0,7,0,0,0,0,2,0,0.24,7620
2015,"Juan Nicasio","LAD",1,1,1,0,0,0,0,0,0,0,0,0,0,0,0,0,0,0,0,0,7731
2015,"Wily Peralta","MIL",4,7,6,0,0,0,0,0,0,0,0,0,4,0,0,1,0,0,0,0,7738
2015,"Travis d'Arnaud","NYM",11,45,41,13,9,1,1,2,5,10,1,0,4,2,1,0,1,0,0,0.31707317,7739
2015,"Mike Fiers","MIL",4,6,6,0,0,0,0,0,0,0,0,0,3,0,0,0,0,0,0,0,7754
2015,"Charlie Blackmon","COL",21,95,86,25,16,5,2,2,11,11,7,0,20,1,1,0,1,2,2,0.290697674,7859
2015,"Jonathan Lucroy","MIL",12,51,45,6,5,0,1,0,3,1,5,0,9,0,1,0,2,0,0,0.133333333,7870
2015,"Tyson Ross","SDP",5,9,9,2,2,0,0,0,0,0,0,0,2,0,0,0,1,0,0,0.222222222,7872
2015,"Ryan Flaherty","BAL",9,35,30,9,4,3,0,2,4,4,5,0,7,0,0,0,2,0,0,0.3,7888
2015,"Eric Sogard","OAK",20,67,63,15,11,3,1,0,6,4,2,0,9,0,0,2,2,1,0,0.238095238,7927
2015,"Logan Schafer","MIL",19,38,32,6,3,3,0,0,5,1,3,0,7,1,0,2,1,0,0,0.1875,7937
2015,"Christian Friedrich","COL",1,2,2,0,0,0,0,0,0,0,0,0,0,0,0,0,0,0,0,0,7942
2015,"Tim Beckham","TBR",21,57,51,13,8,1,1,3,9,10,5,0,22,0,1,0,0,1,0,0.25490196,7949
2015,"Hanley Ramirez","BOS",21,91,82,24,14,0,0,10,16,22,6,1,14,1,2,0,3,1,1,0.292682926,8001
2015,"Wilin Rosario","COL",9,14,14,5,1,3,0,1,1,2,0,0,3,0,0,0,0,0,0,0.357142857,8002
2015,"Eric Stults","ATL",4,8,6,1,1,0,0,0,0,0,0,0,3,0,0,2,0,0,0,0.166666666,8011
2015,"Adam Lind","MIL",21,88,78,26,15,7,0,4,8,13,9,0,16,0,1,0,0,0,0,0.333333333,8027
2015,"Matt Carpenter","STL",21,96,86,32,15,13,1,3,21,14,10,1,11,0,0,0,1,0,1,0.372093023,8090
2015,"Everth Cabrera","BAL",18,73,68,17,15,2,0,0,6,4,2,0,14,0,2,1,3,2,0,0.25,8155
2015,"Yovani Gallardo","TEX",1,2,2,1,1,0,0,0,0,0,0,0,0,0,0,0,0,0,0,0.5,8173
2015,"Josh Harrison","PIT",20,84,80,17,9,6,0,2,11,5,2,1,16,2,0,0,1,0,1,0.2125,8202
2015,"Dee Strange-Gordon","MIA",22,99,93,38,32,5,1,0,11,11,3,0,13,0,2,1,2,8,6,0.40860215,8203
2015,"Brett Anderson","LAD",4,8,5,0,0,0,0,0,0,0,1,0,4,0,0,2,0,0,0,0,8223
2015,"Sam Fuld","OAK",22,88,78,19,11,5,3,0,15,5,8,1,12,0,1,1,2,2,0,0.243589743,8254
2015,"Kurt Suzuki","MIN",18,66,58,14,12,0,0,2,6,9,6,1,9,1,0,1,4,0,0,0.24137931,8259
2015,"Chris Iannetta","LAA",17,63,54,5,4,1,0,0,5,1,8,0,21,0,1,0,1,0,0,0.092592592,8267
2015,"Denard Span","WSN",10,47,43,13,7,4,0,2,10,7,3,0,4,0,1,0,0,1,0,0.302325581,8347
2015,"Dean Anna","STL",1,1,1,0,0,0,0,0,0,0,0,0,0,0,0,0,0,0,0,0,8353
2015,"Homer Bailey","CIN",2,4,4,0,0,0,0,0,0,0,0,0,1,0,0,0,0,0,0,0,8362
2015,"Dustin Pedroia","BOS",21,99,86,25,17,4,0,4,11,10,10,0,13,1,1,1,3,0,1,0.290697674,8370
2015,"Reid Brignac","MIA",9,8,5,0,0,0,0,0,1,0,2,0,1,0,0,1,0,0,0,0,8380
2015,"Daniel Descalso","COL",14,28,25,3,3,0,0,0,2,2,3,1,10,0,0,0,0,0,0,0.12,8392
2015,"Ike Davis","OAK",21,79,70,22,15,6,0,1,12,9,8,0,10,0,1,0,1,0,0,0.314285714,8433
2015,"Rob Wooten","MIL",1,1,1,0,0,0,0,0,0,0,0,0,0,0,0,0,0,0,0,0,8532
2015,"Gerardo Parra","MIL",20,55,54,12,5,6,1,0,6,3,1,0,15,0,0,0,2,0,0,0.222222222,8553
2015,"Dustin McGowan","PHI",1,1,1,0,0,0,0,0,0,0,0,0,1,0,0,0,0,0,0,0,8600
2015,"Kendrys Morales","KCR",22,99,92,29,19,7,0,3,18,17,6,2,15,1,0,0,4,0,0,0.315217391,8610
2015,"Donovan Solano","MIA",10,12,12,2,1,0,1,0,2,1,0,0,4,0,0,0,0,0,0,0.166666666,8623
2015,"Paulo Orlando","KCR",13,53,49,13,7,1,5,0,8,4,4,0,12,0,0,0,0,1,1,0.265306122,8628
2015,"Elvis Andrus","TEX",21,93,87,20,16,3,0,1,7,6,3,1,11,0,1,2,2,3,1,0.229885057,8709
2015,"Jason Castro","HOU",17,69,59,12,8,2,0,2,7,5,9,0,12,0,1,0,2,0,0,0.20338983,8722
2015,"Tanner Roark","WSN",1,2,2,0,0,0,0,0,0,0,0,0,1,0,0,0,0,0,0,0,8753
2015,"Carlos Peguero","TEX",14,38,31,6,2,4,0,0,4,2,6,0,14,1,0,0,1,1,0,0.193548387,8760
2015,"Andrew Cashner","SDP",5,10,10,2,2,0,0,0,0,0,0,0,4,0,0,0,0,0,0,0.2,8782
2015,"Ryan Lavarnway","BAL",5,19,18,3,2,1,0,0,1,0,1,0,5,0,0,0,1,0,0,0.166666666,8879
2015,"Conor Gillaspie","CHW",15,53,51,10,5,5,0,0,2,4,2,0,13,0,0,0,2,0,0,0.196078431,9009
2015,"Gordon Beckham","CHW",11,23,18,6,4,1,0,1,2,4,5,0,3,0,0,0,1,0,1,0.333333333,9015
2015,"Justin Smoak","TOR",13,43,35,8,5,1,0,2,6,6,8,0,13,0,0,0,0,0,0,0.228571428,9054
2015,"Alexi Amarista","SDP",19,62,52,11,8,1,1,1,5,2,10,2,11,0,0,0,0,0,0,0.211538461,9063
2015,"Lorenzo Cain","KCR",21,94,82,27,19,6,0,2,16,12,7,2,17,4,1,0,3,6,1,0.329268292,9077
2015,"Brad Hand","MIA",1,1,1,0,0,0,0,0,0,0,0,0,1,0,0,0,0,0,0,0,9111
2015,"Khris Davis","MIL",21,82,73,18,11,6,0,1,6,4,8,0,21,1,0,0,3,0,0,0.246575342,9112
2015,"Allan Dykstra","TBR",13,38,31,4,3,0,0,1,3,4,6,0,12,1,0,0,2,0,0,0.129032258,9113
2015,"Tyler Flowers","CHW",13,43,42,9,6,2,0,1,3,6,1,0,14,0,0,0,1,0,0,0.214285714,9134
2015,"Sean O'Sullivan","PHI",2,4,3,0,0,0,0,0,1,0,1,0,2,0,0,0,0,0,0,0,9137
2015,"Buster Posey","SFG",22,90,80,21,17,1,0,3,6,10,9,1,10,0,1,0,4,0,0,0.2625,9166
2015,"Logan Morrison","SEA",20,80,76,15,13,1,0,1,4,4,4,0,9,0,0,0,2,1,0,0.197368421,9205
2015,"Paul Goldschmidt","ARI",21,92,77,26,17,4,0,5,18,20,15,1,19,0,0,0,0,5,0,0.337662337,9218
2015,"Danny Espinosa","WSN",16,62,51,13,8,3,0,2,10,5,8,1,9,2,0,1,0,0,0,0.25490196,9219
2015,"Starling Marte","PIT",20,81,73,18,10,2,0,6,13,17,4,1,27,2,1,1,1,3,1,0.246575342,9241
2015,"AJ Pollock","ARI",21,83,75,24,20,3,0,1,14,8,6,0,11,1,1,0,1,4,2,0.32,9256
2015,"Chris Davis","BAL",19,81,71,19,9,5,0,5,12,16,6,0,29,2,2,0,2,0,0,0.267605633,9272
2015,"Chris Herrmann","MIN",6,19,17,4,2,1,1,0,4,4,2,0,4,0,0,0,1,0,0,0.235294117,9284
2015,"Josh Phegley","OAK",7,23,23,6,6,0,0,0,1,1,0,0,2,0,0,0,1,0,0,0.260869565,9308
2015,"Jared Hughes","PIT",1,1,0,0,0,0,0,0,0,0,0,0,0,0,0,1,0,0,0,0,9325
2015,"Drew Stubbs","COL",10,22,20,0,0,0,0,0,1,1,1,0,12,0,0,1,0,1,1,0,9328
2015,"Brock Holt","BOS",14,52,44,17,14,2,0,1,5,8,6,0,8,1,0,1,0,1,0,0.386363636,9345
2015,"Brandon Morrow","SDP",4,8,7,0,0,0,0,0,0,0,1,0,6,0,0,0,0,0,0,0,9346
2015,"Evan Longoria","TBR",22,89,75,22,14,7,0,1,11,4,12,2,15,1,1,0,2,0,0,0.293333333,9368
2015,"Matt Adams","STL",20,74,69,21,14,4,0,3,8,14,4,1,15,0,1,0,0,0,0,0.304347826,9393
2015,"Doug Fister","WSN",4,9,6,1,1,0,0,0,1,0,1,0,2,0,0,2,0,0,0,0.166666666,9425
2015,"Dallas Keuchel","HOU",1,3,3,1,1,0,0,0,0,0,0,0,2,0,0,0,0,0,0,0.333333333,9434
2015,"George Kontos","SFG",1,1,1,0,0,0,0,0,0,0,0,0,1,0,0,0,0,0,0,0,9486
2015,"David Freese","LAA",22,91,86,20,11,5,0,4,9,16,3,0,21,2,0,0,1,1,0,0.232558139,9549
2015,"Craig Gentry","OAK",12,37,33,2,2,0,0,0,2,1,3,0,12,1,0,0,0,1,0,0.06060606,9571
2015,"Yan Gomes","CLE",5,20,20,3,2,1,0,0,2,0,0,0,5,0,0,0,1,0,0,0.15,9627
2015,"Michael McKenry","COL",9,23,22,5,4,1,0,0,3,0,1,0,7,0,0,0,1,2,0,0.227272727,9628
2015,"Adam Rosales","TEX",9,26,24,4,3,0,0,1,4,3,2,0,9,0,0,0,1,0,0,0.166666666,9682
2015,"Josh Thole","TOR",2,6,6,0,0,0,0,0,0,1,0,0,1,0,0,0,0,0,0,0,9689
2015,"Chris Dominguez","CIN",3,3,3,0,0,0,0,0,0,0,0,0,3,0,0,0,0,0,0,0,9718
2015,"Justin Bour","MIA",4,7,6,5,5,0,0,0,0,2,1,0,0,0,0,0,0,0,0,0.833333333,9744
2015,"Jason Kipnis","CLE",21,95,87,19,16,1,1,1,7,8,5,0,13,1,2,0,1,2,0,0.218390804,9776
2015,"Nolan Arenado","COL",19,80,74,22,11,8,0,3,11,13,5,2,6,0,1,0,3,0,1,0.297297297,9777
2015,"Kyle Seager","SEA",22,87,79,21,14,5,0,2,5,12,7,1,9,0,1,0,2,1,1,0.265822784,9785
2015,"Ryan Goins","TOR",10,32,29,8,7,0,1,0,2,4,1,0,9,1,0,1,2,0,0,0.275862068,9807
2015,"Brian Dozier","MIN",21,95,82,18,10,6,0,2,17,10,10,1,20,1,2,0,2,1,0,0.219512195,9810
2015,"Andrew McCutchen","PIT",21,86,72,14,9,2,1,2,12,13,9,0,15,3,2,0,0,0,1,0.194444444,9847
2015,"Austin Jackson","SEA",21,93,88,22,18,2,0,2,10,4,4,0,18,0,0,1,1,4,2,0.25,9848
2015,"Efren Navarro","LAA",6,16,15,3,2,1,0,0,3,0,1,0,3,0,0,0,0,0,1,0.2,9854
2015,"DJ LeMahieu","COL",20,75,69,28,23,3,1,1,5,13,5,1,8,0,0,1,3,1,2,0.405797101,9874
2015,"Jordan Schafer","MIN",16,50,48,9,7,2,0,0,2,2,1,0,16,0,0,1,0,0,2,0.1875,9883
2015,"Travis Wood","CHC",6,14,14,1,1,0,0,0,0,1,0,0,8,0,0,0,0,0,0,0.071428571,9884
2015,"Jay Bruce","CIN",22,87,72,13,7,1,0,5,10,13,14,2,25,0,1,0,0,2,0,0.180555555,9892
2015,"Colby Rasmus","HOU",19,70,63,16,8,3,1,4,9,9,7,0,27,0,0,0,1,1,0,0.253968253,9893
2015,"Chris Carter","HOU",21,86,75,12,9,1,0,2,7,6,10,0,31,1,0,0,1,0,0,0.16,9911
2015,"Brett Gardner","NYY",17,73,61,19,15,3,0,1,15,7,7,0,8,2,0,3,1,6,1,0.311475409,9927
2015,"Darin Ruf","PHI",16,44,39,7,2,3,0,2,3,4,4,0,12,0,1,0,0,0,0,0.179487179,9929
2015,"Steve Pearce","BAL",15,59,51,10,8,0,0,2,9,7,6,1,13,1,1,0,3,0,0,0.196078431,9957
2015,"Michael Saunders","TOR",5,19,16,2,2,0,0,0,0,1,3,0,6,0,0,0,1,0,0,0.125,9981
2015,"Christian Bethancourt","ATL",11,39,37,5,3,2,0,0,4,2,2,0,6,0,0,0,2,1,0,0.135135135,10028
2015,"Chris Owings","ARI",19,79,75,17,13,2,1,1,8,7,2,0,23,0,0,2,3,4,0,0.226666666,10030
2015,"Wil Myers","SDP",23,101,98,28,17,7,0,4,21,15,2,0,20,1,0,0,0,3,2,0.285714285,10047
2015,"Grant Green","LAA",3,6,6,2,2,0,0,0,3,0,0,0,2,0,0,0,0,0,0,0.333333333,10053
2015,"Tyler Matzek","COL",4,8,7,3,2,1,0,0,3,0,0,0,1,0,0,1,0,0,0,0.428571428,10058
2015,"Jonathan Villar","HOU",8,17,15,2,2,0,0,0,2,0,2,0,3,0,0,0,0,1,0,0.133333333,10071
2015,"Dustin Ackley","SEA",19,60,56,11,7,1,0,3,6,3,3,0,10,0,0,1,0,0,0,0.196428571,10099
2015,"Mike Leake","CIN",5,14,13,1,0,0,0,1,1,1,0,0,7,0,0,1,0,0,0,0.076923076,10130
2015,"Stephen Strasburg","WSN",4,9,9,0,0,0,0,0,0,0,0,0,4,0,0,0,0,0,0,0,10131
2015,"Mike Trout","LAA",22,94,76,25,15,5,0,5,20,14,16,3,21,1,1,0,1,6,0,0.328947368,10155
2015,"Shelby Miller","ATL",4,7,6,0,0,0,0,0,0,0,1,0,5,0,0,0,0,0,0,0,10197
2015,"Billy Hamilton","CIN",20,91,83,18,13,1,2,2,16,3,7,0,18,0,0,1,0,13,1,0.216867469,10199
2015,"Tucker Barnhart","CIN",4,14,13,3,1,0,0,2,2,2,1,0,4,0,0,0,0,0,0,0.23076923,10200
2015,"Jose Iglesias","DET",20,77,69,26,19,4,2,1,7,3,6,0,7,0,0,2,3,5,1,0.376811594,10231
2015,"Randal Grichuk","STL",6,10,10,2,0,1,0,1,2,2,0,0,2,0,0,0,0,0,0,0.2,10243
2015,"Brandon Belt","SFG",17,59,51,12,10,2,0,0,2,5,7,1,17,1,0,0,0,0,0,0.235294117,10264
2015,"Hector Sanchez","SFG",13,27,27,4,3,1,0,0,1,1,0,0,8,0,0,0,1,0,0,0.148148148,10289
2015,"Chris Heston","SFG",4,12,11,1,1,0,0,0,0,0,0,0,2,0,0,1,0,0,0,0.09090909,10302
2015,"Jarred Cosart","MIA",4,7,7,0,0,0,0,0,0,0,0,0,4,0,0,0,0,0,0,0,10304
2015,"Oswaldo Arcia","MIN",17,58,52,13,11,0,0,2,5,7,4,4,13,1,1,0,2,0,0,0.25,10306
2015,"Danny Santana","MIN",19,82,78,20,17,3,0,0,8,4,0,0,24,1,0,3,0,1,2,0.256410256,10322
2015,"Marcell Ozuna","MIA",20,81,69,19,15,4,0,0,10,4,10,0,23,0,2,0,0,1,1,0.275362318,10324
2015,"Scooter Gennett","MIL",10,33,29,6,6,0,0,0,2,1,2,2,12,2,0,0,0,0,1,0.206896551,10339
2015,"John Ryan Murphy","NYY",8,24,19,5,2,3,0,0,4,1,4,0,7,0,1,0,0,0,0,0.263157894,10346
2015,"Adeiny Hechavarria","MIA",22,86,81,26,18,5,1,2,16,16,4,1,16,0,1,0,4,1,0,0.320987654,10459
2015,"Enrique Hernandez","LAD",1,4,4,2,1,1,0,0,0,0,0,0,2,0,0,0,0,0,0,0.5,10472
2015,"Jimmy Nelson","MIL",4,7,6,0,0,0,0,0,0,0,0,0,5,0,0,1,0,0,0,0,10547
2015,"Cesar Hernandez","PHI",17,36,30,7,6,1,0,0,4,3,4,0,5,0,1,1,0,0,1,0.233333333,10556
2015,"Adam Liberatore","LAD",1,1,1,0,0,0,0,0,0,0,0,0,1,0,0,0,0,0,0,0,10637
2015,"Mike Olt","CHC",5,16,15,2,1,0,0,1,1,1,0,0,6,1,0,0,0,0,0,0.133333333,10698
2015,"Arismendy Alcantara","CHC",11,32,26,2,2,0,0,0,5,1,5,0,11,0,0,1,0,1,0,0.076923076,10711
2015,"Trevor Rosenthal","STL",1,1,1,0,0,0,0,0,0,0,0,0,1,0,0,0,0,0,0,0,10745
2015,"Shane Greene","DET",1,3,3,0,0,0,0,0,0,0,0,0,3,0,0,0,0,0,0,0,10756
2015,"Corey Dickerson","COL",21,82,76,25,15,4,1,5,13,15,6,0,16,0,0,0,1,0,1,0.328947368,10762
2015,"Jedd Gyorko","SDP",16,57,52,7,5,2,0,0,2,3,4,0,12,1,0,0,3,0,0,0.134615384,10816
2015,"Cody Stanley","STL",3,3,3,1,1,0,0,0,1,0,0,0,1,0,0,0,0,0,0,0.333333333,10838
2015,"Andrelton Simmons","ATL",22,91,85,21,14,5,1,1,10,13,5,0,5,1,0,0,7,0,1,0.247058823,10847
2015,"Christian Bergman","COL",3,4,3,0,0,0,0,0,0,0,0,0,1,0,0,1,0,0,0,0,10925
2015,"Phil Gosselin","ATL",10,20,19,4,3,1,0,0,1,2,1,0,3,0,0,0,0,1,0,0.210526315,10953
2015,"Jacob deGrom","NYM",4,9,9,0,0,0,0,0,0,0,0,0,2,0,0,0,1,0,0,0,10954
2015,"Evan Gattis","HOU",20,76,73,12,7,3,0,2,4,9,3,0,24,0,0,0,2,0,0,0.164383561,11003
2015,"Kevin Kiermaier","TBR",19,65,62,19,9,6,2,2,11,7,3,0,12,0,0,0,0,0,0,0.306451612,11038
2015,"Mike Bolsinger","LAD",1,2,2,0,0,0,0,0,0,0,0,0,1,0,0,0,0,0,0,0,11137
2015,"Christian Colon","KCR",10,33,30,8,7,1,0,0,2,3,3,0,5,0,0,0,0,2,0,0.266666666,11145
2015,"Cameron Rupp","PHI",7,28,26,4,3,0,1,0,1,0,2,0,6,0,0,0,0,0,0,0.153846153,11146
2015,"David Buchanan","PHI",4,7,6,1,0,1,0,0,0,0,0,0,2,0,0,1,0,0,0,0.166666666,11176
2015,"Kole Calhoun","LAA",19,80,73,23,17,2,1,3,11,13,6,0,17,0,0,1,0,0,0,0.315068493,11200
2015,"Adam Eaton","CHW",19,83,78,15,11,3,1,0,7,0,5,0,14,0,0,0,0,1,1,0.192307692,11205
2015,"Casey Sadler","PIT",1,2,1,0,0,0,0,0,0,0,0,0,0,0,0,1,0,0,0,0,11209
2015,"Matt Szczur","CHC",8,15,10,2,1,1,0,0,1,1,3,0,2,0,1,1,0,2,0,0.2,11255
2015,"Jonathan Schoop","BAL",8,29,27,7,3,1,0,3,3,7,1,0,6,1,0,0,0,0,0,0.259259259,11265
2015,"Jake Marisnick","HOU",19,65,58,22,14,4,2,2,12,10,4,0,10,1,1,1,1,8,1,0.379310344,11339
2015,"Yasmani Grandal","LAD",16,63,53,10,7,2,0,1,9,2,10,0,13,0,0,0,4,0,0,0.188679245,11368
2015,"Delino DeShields","TEX",8,15,14,2,1,1,0,0,1,2,1,0,5,0,0,0,0,2,0,0.142857142,11379
2015,"Matthew den Dekker","WSN",2,2,2,0,0,0,0,0,0,0,0,0,1,0,0,0,0,0,0,0,11385
2015,"Mark Canha","OAK",17,73,68,19,14,3,0,2,11,10,5,0,17,0,0,0,0,2,0,0.279411764,11445
2015,"A.J. Cole","WSN",1,1,1,0,0,0,0,0,0,0,0,0,0,0,0,0,1,0,0,0,11467
2015,"Odubel Herrera","PHI",22,89,83,25,17,6,2,0,9,8,5,0,18,0,0,1,0,4,1,0.301204819,11476
2015,"Christian Yelich","MIA",11,49,45,9,8,1,0,0,4,4,4,0,13,0,0,0,1,1,0,0.2,11477
2015,"Michael A. Taylor","WSN",13,53,50,13,7,3,1,2,3,8,3,1,21,0,0,0,0,2,1,0.26,11489
2015,"Manny Machado","BAL",20,83,71,18,10,4,0,4,12,12,9,0,16,0,3,0,4,3,0,0.253521126,11493
2015,"Bryce Harper","WSN",23,100,77,22,12,5,0,5,18,15,22,5,30,0,1,0,1,0,2,0.285714285,11579
2015,"Yolmer Sanchez","CHW",1,3,3,2,2,0,0,0,0,0,0,0,1,0,0,0,0,0,0,0.666666666,11602
2015,"Carlos Martinez","STL",4,9,7,0,0,0,0,0,0,0,0,0,3,0,0,2,0,0,0,0,11682
2015,"Matt Harvey","NYM",3,8,8,1,1,0,0,0,0,0,0,0,3,0,0,0,0,0,0,0.125,11713
2015,"Nick Castellanos","DET",22,85,77,18,11,4,1,2,6,8,7,1,24,0,1,0,2,0,1,0.233766233,11737
2015,"J.T. Realmuto","MIA",13,48,46,11,8,2,1,0,6,3,1,0,6,0,1,0,2,0,0,0.239130434,11739
2015,"Jason Rogers","MIL",9,13,13,5,4,1,0,0,2,0,0,0,3,0,0,0,0,0,0,0.384615384,11773
2015,"James Paxton","SEA",1,2,2,0,0,0,0,0,0,0,0,0,2,0,0,0,0,0,0,0,11828
2015,"Taijuan Walker","SEA",1,1,1,0,0,0,0,0,0,0,0,0,1,0,0,0,0,0,0,0,11836
2015,"Leonys Martin","TEX",21,95,89,21,15,5,0,1,10,7,5,0,14,0,0,1,1,6,2,0.235955056,11846
2015,"Joc Pederson","LAD",20,77,57,17,8,5,0,4,13,10,17,3,22,1,1,1,0,1,3,0.298245614,11899
2015,"Orlando Calixte","KCR",1,2,2,0,0,0,0,0,1,0,0,0,0,0,0,0,0,0,0,0,11905
2015,"Joe Panik","SFG",21,84,75,21,15,5,1,0,7,6,6,0,11,0,2,1,1,0,0,0.28,11936
2015,"Cody Asche","PHI",20,79,73,22,18,2,0,2,4,4,5,0,17,0,1,0,0,0,0,0.301369863,11997
2015,"Kyle Hendricks","CHC",4,8,8,1,1,0,0,0,1,1,0,0,5,0,0,0,0,0,0,0.125,12049
2015,"Kennys Vargas","MIN",17,69,64,11,9,1,0,1,3,4,5,0,21,0,0,0,2,0,0,0.171875,12101
2015,"Ryan Brett","TBR",3,4,3,2,1,1,0,0,0,0,1,0,0,0,0,0,0,0,0,0.666666666,12138
2015,"Nick Ahmed","ARI",20,64,57,8,7,1,0,0,2,1,6,0,19,1,0,0,0,0,1,0.140350877,12147
2015,"Xander Bogaerts","BOS",19,80,73,20,17,1,1,1,11,10,7,0,13,0,0,0,1,2,0,0.273972602,12161
2015,"Danny Muno","NYM",4,6,6,1,1,0,0,0,0,0,0,0,3,0,0,0,0,1,0,0.166666666,12214
2015,"Rougned Odor","TEX",21,81,68,10,6,3,0,1,6,8,7,0,16,6,0,0,0,1,1,0.147058823,12282
2015,"Cory Spangenberg","SDP",15,23,22,5,2,3,0,0,2,1,0,0,7,0,0,1,0,0,1,0.227272727,12294
2015,"Jace Peterson","ATL",20,66,57,14,13,0,1,0,6,6,6,1,14,0,2,1,1,1,2,0.245614035,12325
2015,"Tommy La Stella","CHC",2,6,6,1,1,0,0,0,0,0,0,0,1,0,0,0,0,1,0,0.166666666,12371
2015,"Ryan Rua","TEX",5,18,17,4,3,1,0,0,1,0,1,0,9,0,0,0,0,0,0,0.235294117,12409
2015,"Kevin Pillar","TOR",23,91,88,24,15,8,0,1,13,11,3,0,14,0,0,0,2,3,0,0.272727272,12434
2015,"Kolten Wong","STL",21,82,74,22,16,4,1,1,10,7,6,2,10,0,2,0,1,2,0,0.297297297,12532
2015,"Marcus Semien","OAK",23,95,88,25,16,6,0,3,11,12,6,0,18,0,0,1,3,3,0,0.284090909,12533
2015,"C.J. Cron","LAA",17,66,63,15,10,4,0,1,5,5,2,0,16,1,0,0,1,0,0,0.238095238,12546
2015,"Tony Cingrani","CIN",1,1,1,0,0,0,0,0,0,0,0,0,1,0,0,0,0,0,0,0,12555
2015,"Taylor Featherston","LAA",7,12,8,1,1,0,0,0,2,1,2,0,1,0,1,1,0,1,0,0.125,12590
2015,"Nate Karns","TBR",1,3,2,0,0,0,0,0,0,0,0,0,2,0,0,1,0,0,0,0,12638
2015,"Nick Martinez","TEX",1,2,2,0,0,0,0,0,0,0,0,0,1,0,0,0,0,0,0,0,12730
2015,"Rafael Montero","NYM",1,2,2,0,0,0,0,0,0,0,0,0,1,0,0,0,0,0,0,0,12760
2015,"Brad Miller","SEA",22,74,65,18,13,3,1,1,4,7,6,0,15,0,1,2,0,3,1,0.276923076,12775
2015,"Dalton Pompey","TOR",22,87,79,16,8,6,0,2,10,6,6,0,20,2,0,0,0,2,0,0.202531645,12797
2015,"George Springer","HOU",22,100,85,17,9,5,0,3,11,11,13,0,31,0,2,0,0,8,1,0.2,12856
2015,"James McCann","DET",12,37,35,9,6,1,1,1,4,5,1,0,5,0,0,1,2,0,0,0.257142857,12859
2015,"Gregory Polanco","PIT",20,82,79,22,14,7,0,1,13,7,3,1,22,0,0,0,0,7,0,0.278481012,12907
2015,"Archie Bradley","ARI",3,8,8,1,1,0,0,0,0,0,0,0,2,0,0,0,0,0,1,0.125,12918
2015,"Andrew Chafin","ARI",2,2,2,0,0,0,0,0,0,0,0,0,1,0,0,0,0,0,0,0,12988
2015,"Hisashi Iwakuma","SEA",1,3,2,0,0,0,0,0,0,0,0,0,2,0,0,1,0,0,0,0,13048
2015,"Anthony DeSclafani","CIN",4,8,8,1,1,0,0,0,0,0,0,0,5,0,0,0,0,0,0,0.125,13050
2015,"Norichika Aoki","SFG",22,102,89,27,22,4,1,0,10,4,12,0,11,1,0,0,0,6,2,0.303370786,13075
2015,"Yoenis Cespedes","DET",23,92,88,26,13,8,1,4,10,17,3,1,22,0,1,0,2,0,0,0.295454545,13110
2015,"Gerrit Cole","PIT",6,13,12,2,2,0,0,0,1,0,1,0,8,0,0,0,0,0,0,0.166666666,13125
2015,"Mikie Mahtook","TBR",4,4,4,1,0,0,0,1,1,2,0,0,0,0,0,0,0,0,1,0.25,13130
2015,"Andrew Susac","SFG",7,20,18,5,3,1,0,1,2,1,2,0,3,0,0,0,0,0,0,0.277777777,13132
2015,"Mike Zunino","SEA",20,70,62,8,5,1,0,2,6,3,6,0,27,1,1,0,3,0,0,0.129032258,13265
2015,"Max Muncy","OAK",4,7,7,1,1,0,0,0,0,0,0,0,2,0,0,0,0,0,0,0.142857142,13301
2015,"Jake Lamb","ARI",10,35,29,12,7,3,1,1,4,9,6,0,3,0,0,0,0,1,1,0.413793103,13329
2015,"Eddie Butler","COL",4,7,7,0,0,0,0,0,0,0,0,0,4,0,0,0,0,0,0,0,13453
2015,"Jose Ramirez","CLE",18,70,63,11,9,1,0,1,5,2,4,0,12,0,1,2,0,3,1,0.174603174,13510
2015,"Mookie Betts","BOS",21,100,87,20,14,4,0,2,13,13,10,0,17,1,1,1,0,5,1,0.229885057,13611
2015,"Tim Cooney","STL",1,1,0,0,0,0,0,0,0,0,0,0,0,0,0,1,0,0,0,0,13762
2015,"Alex Wood","ATL",4,7,5,0,0,0,0,0,0,0,0,0,5,0,0,2,0,0,0,0,13781
2015,"Kevin Plawecki","NYM",8,31,30,7,5,1,0,1,4,4,1,0,7,0,0,0,0,0,0,0.233333333,13807
2015,"Micah Johnson","CHW",17,53,48,13,12,1,0,0,4,0,4,0,12,1,0,0,0,2,2,0.270833333,13809
2015,"Matt Duffy","SFG",17,53,46,11,8,2,0,1,2,7,4,0,11,0,1,2,2,0,0,0.239130434,13836
2015,"Devon Travis","TOR",22,89,80,26,14,6,0,6,17,19,7,0,15,2,0,0,2,1,0,0.325,13862
2015,"Michael Wacha","STL",4,10,9,1,1,0,0,0,1,2,1,0,3,0,0,0,0,0,0,0.111111111,14078
2015,"Addison Russell","CHC",7,29,28,5,2,3,0,0,3,5,1,0,14,0,0,0,0,0,1,0.178571428,14106
2015,"Jorge Soler","CHC",20,91,81,20,13,4,1,2,11,9,8,0,33,1,1,0,3,0,0,0.24691358,14221
2015,"Yasiel Puig","LAD",11,50,43,12,8,2,0,2,4,4,5,0,7,2,0,0,0,0,1,0.279069767,14225
2015,"Severino Gonzalez","PHI",1,1,0,0,0,0,0,0,0,0,0,0,0,0,0,1,0,0,0,0,14697
2015,"Michael Lorenzen","CIN",1,2,2,1,1,0,0,0,0,0,0,0,1,0,0,0,0,0,0,0.5,14843
2015,"Kris Bryant","CHC",12,55,44,14,10,4,0,0,7,10,10,0,13,1,0,0,1,2,0,0.318181818,15429
2015,"Alex Guerrero","LAD",13,28,26,11,4,2,0,5,5,13,1,0,3,0,1,0,1,0,0,0.423076923,15670
2015,"Jose Abreu","CHW",19,81,75,22,11,5,1,5,8,15,4,2,14,2,0,0,5,0,0,0.293333333,15676
2015,"Odrisamer Despaigne","SDP",3,9,9,1,1,0,0,0,0,0,0,0,1,0,0,0,1,0,0,0.111111111,16017
2015,"Raisel Iglesias","CIN",1,1,1,0,0,0,0,0,0,0,0,0,0,0,0,0,0,0,0,0,17130
2015,"Yasmany Tomas","ARI",11,28,24,8,7,1,0,0,3,4,4,0,2,0,0,0,2,1,0,0.333333333,17171
2015,"Jung Ho Kang","PIT",12,29,26,7,5,2,0,0,2,6,2,0,6,0,1,0,0,1,0,0.269230769,17182